sentiment,id,date,query,user,text,bow
0,1467810369,Mon Apr 06 22:19:45 PDT 2009,NO_QUERY,_TheSpecialOne_,switchfoot awww bummer shoulda got david carr third day d,"{'switchfoot': 1, 'awww': 1, 'bummer': 1, 'shoulda': 1, 'got': 1, 'david': 1, 'carr': 1, 'third': 1, 'day': 1, 'd': 1}"
0,1467810672,Mon Apr 06 22:19:49 PDT 2009,NO_QUERY,scotthamilton,upset update facebook texting might cry result school today also blah,"{'upset': 1, 'update': 1, 'facebook': 1, 'texting': 1, 'might': 1, 'cry': 1, 'result': 1, 'school': 1, 'today': 1, 'also': 1, 'blah': 1}"
0,1467810917,Mon Apr 06 22:19:53 PDT 2009,NO_QUERY,mattycus,kenichan dived many times ball managed save 50 rest go bounds,"{'kenichan': 1, 'dived': 1, 'many': 1, 'times': 1, 'ball': 1, 'managed': 1, 'save': 1, '50': 1, 'rest': 1, 'go': 1, 'bounds': 1}"
0,1467811184,Mon Apr 06 22:19:57 PDT 2009,NO_QUERY,ElleCTF,whole body feels itchy like fire,"{'whole': 1, 'body': 1, 'feels': 1, 'itchy': 1, 'like': 1, 'fire': 1}"
0,1467811193,Mon Apr 06 22:19:57 PDT 2009,NO_QUERY,Karoli,nationwideclass behaving m mad see,"{'nationwideclass': 1, 'behaving': 1, 'm': 1, 'mad': 1, 'see': 1}"
0,1467811372,Mon Apr 06 22:20:00 PDT 2009,NO_QUERY,joy_wolf,kwesidei whole crew,"{'kwesidei': 1, 'whole': 1, 'crew': 1}"
0,1467811592,Mon Apr 06 22:20:03 PDT 2009,NO_QUERY,mybirch,need hug,"{'need': 1, 'hug': 1}"
0,1467811594,Mon Apr 06 22:20:03 PDT 2009,NO_QUERY,coZZ,loltrish hey long time see yes rains bit bit lol m fine thanks,"{'loltrish': 1, 'hey': 1, 'long': 1, 'time': 1, 'see': 1, 'yes': 1, 'rains': 1, 'bit': 2, 'lol': 1, 'm': 1, 'fine': 1, 'thanks': 1}"
0,1467811795,Mon Apr 06 22:20:05 PDT 2009,NO_QUERY,2Hood4Hollywood,tatianak nope didn,"{'tatianak': 1, 'nope': 1, 'didn': 1}"
0,1467812025,Mon Apr 06 22:20:09 PDT 2009,NO_QUERY,mimismo,twittera que muera,"{'twittera': 1, 'que': 1, 'muera': 1}"
0,1467812416,Mon Apr 06 22:20:16 PDT 2009,NO_QUERY,erinx3leannexo,spring break plain city snowing,"{'spring': 1, 'break': 1, 'plain': 1, 'city': 1, 'snowing': 1}"
0,1467812579,Mon Apr 06 22:20:17 PDT 2009,NO_QUERY,pardonlauren,repierced ears,"{'repierced': 1, 'ears': 1}"
0,1467812723,Mon Apr 06 22:20:19 PDT 2009,NO_QUERY,TLeC,caregiving couldn bear watch thought ua loss embarrassing,"{'caregiving': 1, 'couldn': 1, 'bear': 1, 'watch': 1, 'thought': 1, 'ua': 1, 'loss': 1, 'embarrassing': 1}"
0,1467812771,Mon Apr 06 22:20:19 PDT 2009,NO_QUERY,robrobbierobert,octolinz16 counts idk either never talk anymore,"{'octolinz16': 1, 'counts': 1, 'idk': 1, 'either': 1, 'never': 1, 'talk': 1, 'anymore': 1}"
0,1467812784,Mon Apr 06 22:20:20 PDT 2009,NO_QUERY,bayofwolves,smarrison would ve first didn gun really though zac snyder doucheclown,"{'smarrison': 1, 'would': 1, 've': 1, 'first': 1, 'didn': 1, 'gun': 1, 'really': 1, 'though': 1, 'zac': 1, 'snyder': 1, 'doucheclown': 1}"
0,1467812799,Mon Apr 06 22:20:20 PDT 2009,NO_QUERY,HairByJess,iamjazzyfizzle wish got watch miss iamlilnicki premiere,"{'iamjazzyfizzle': 1, 'wish': 1, 'got': 1, 'watch': 1, 'miss': 1, 'iamlilnicki': 1, 'premiere': 1}"
0,1467812964,Mon Apr 06 22:20:22 PDT 2009,NO_QUERY,lovesongwriter,hollis death scene hurt severely watch film wry directors cut,"{'hollis': 1, 'death': 1, 'scene': 1, 'hurt': 1, 'severely': 1, 'watch': 1, 'film': 1, 'wry': 1, 'directors': 1, 'cut': 1}"
0,1467813137,Mon Apr 06 22:20:25 PDT 2009,NO_QUERY,armotley,file taxes,"{'file': 1, 'taxes': 1}"
0,1467813579,Mon Apr 06 22:20:31 PDT 2009,NO_QUERY,starkissed,lettya ahh ive always wanted see rent love soundtrack,"{'lettya': 1, 'ahh': 1, 'ive': 1, 'always': 1, 'wanted': 1, 'see': 1, 'rent': 1, 'love': 1, 'soundtrack': 1}"
0,1467813782,Mon Apr 06 22:20:34 PDT 2009,NO_QUERY,gi_gi_bee,fakerpattypattz oh dear drinking forgotten table drinks,"{'fakerpattypattz': 1, 'oh': 1, 'dear': 1, 'drinking': 1, 'forgotten': 1, 'table': 1, 'drinks': 1}"
0,1467813985,Mon Apr 06 22:20:37 PDT 2009,NO_QUERY,quanvu,alydesigns day didn get much done,"{'alydesigns': 1, 'day': 1, 'didn': 1, 'get': 1, 'much': 1, 'done': 1}"
0,1467813992,Mon Apr 06 22:20:38 PDT 2009,NO_QUERY,swinspeedx,one friend called asked meet mid valley todaybut ve time sigh,"{'one': 1, 'friend': 1, 'called': 1, 'asked': 1, 'meet': 1, 'mid': 1, 'valley': 1, 'todaybut': 1, 've': 1, 'time': 1, 'sigh': 1}"
0,1467814119,Mon Apr 06 22:20:40 PDT 2009,NO_QUERY,cooliodoc,angrybarista baked cake ated,"{'angrybarista': 1, 'baked': 1, 'cake': 1, 'ated': 1}"
0,1467814180,Mon Apr 06 22:20:40 PDT 2009,NO_QUERY,viJILLante,week going hoped,"{'week': 1, 'going': 1, 'hoped': 1}"
0,1467814192,Mon Apr 06 22:20:41 PDT 2009,NO_QUERY,Ljelli3166,blagh class 8 tomorrow,"{'blagh': 1, 'class': 1, '8': 1, 'tomorrow': 1}"
0,1467814438,Mon Apr 06 22:20:44 PDT 2009,NO_QUERY,ChicagoCubbie,hate call wake people,"{'hate': 1, 'call': 1, 'wake': 1, 'people': 1}"
0,1467814783,Mon Apr 06 22:20:50 PDT 2009,NO_QUERY,KatieAngell,going cry sleep watching marley,"{'going': 1, 'cry': 1, 'sleep': 1, 'watching': 1, 'marley': 1}"
0,1467814883,Mon Apr 06 22:20:52 PDT 2009,NO_QUERY,gagoo,im sad misslilly,"{'im': 1, 'sad': 1, 'misslilly': 1}"
0,1467815199,Mon Apr 06 22:20:56 PDT 2009,NO_QUERY,abel209,ooooh lol leslie ok won leslie won get mad,"{'ooooh': 1, 'lol': 1, 'leslie': 2, 'ok': 1, 'won': 2, 'get': 1, 'mad': 1}"
0,1467815753,Mon Apr 06 22:21:04 PDT 2009,NO_QUERY,BaptisteTheFool,meh almost lover exception track gets depressed every time,"{'meh': 1, 'almost': 1, 'lover': 1, 'exception': 1, 'track': 1, 'gets': 1, 'depressed': 1, 'every': 1, 'time': 1}"
0,1467815923,Mon Apr 06 22:21:07 PDT 2009,NO_QUERY,fatkat309,some1 hacked account aim make new one,"{'some1': 1, 'hacked': 1, 'account': 1, 'aim': 1, 'make': 1, 'new': 1, 'one': 1}"
0,1467815924,Mon Apr 06 22:21:07 PDT 2009,NO_QUERY,EmCDL,alielayus want go promote gear groove unfornately ride may b going one anaheim may though,"{'alielayus': 1, 'want': 1, 'go': 1, 'promote': 1, 'gear': 1, 'groove': 1, 'unfornately': 1, 'ride': 1, 'may': 2, 'b': 1, 'going': 1, 'one': 1, 'anaheim': 1, 'though': 1}"
0,1467815988,Mon Apr 06 22:21:09 PDT 2009,NO_QUERY,merisssa,thought sleeping option tomorrow realizing evaluations morning work afternoon,"{'thought': 1, 'sleeping': 1, 'option': 1, 'tomorrow': 1, 'realizing': 1, 'evaluations': 1, 'morning': 1, 'work': 1, 'afternoon': 1}"
0,1467816149,Mon Apr 06 22:21:11 PDT 2009,NO_QUERY,Pbearfox,julieebaby awe love 1 miss,"{'julieebaby': 1, 'awe': 1, 'love': 1, '1': 1, 'miss': 1}"
0,1467816665,Mon Apr 06 22:21:21 PDT 2009,NO_QUERY,jsoo,humpninja cry asian eyes sleep night,"{'humpninja': 1, 'cry': 1, 'asian': 1, 'eyes': 1, 'sleep': 1, 'night': 1}"
0,1467816749,Mon Apr 06 22:21:20 PDT 2009,NO_QUERY,scarletletterm,ok m sick spent hour sitting shower cause sick stand held back puke like champ bed,"{'ok': 1, 'm': 1, 'sick': 2, 'spent': 1, 'hour': 1, 'sitting': 1, 'shower': 1, 'cause': 1, 'stand': 1, 'held': 1, 'back': 1, 'puke': 1, 'like': 1, 'champ': 1, 'bed': 1}"
0,1467817225,Mon Apr 06 22:21:27 PDT 2009,NO_QUERY,crosland_12,cocomix04 ill tell ya story later good day ill workin like three hours,"{'cocomix04': 1, 'ill': 2, 'tell': 1, 'ya': 1, 'story': 1, 'later': 1, 'good': 1, 'day': 1, 'workin': 1, 'like': 1, 'three': 1, 'hours': 1}"
0,1467817374,Mon Apr 06 22:21:30 PDT 2009,NO_QUERY,ajaxpro,missxu sorry bed time came gmt1,"{'missxu': 1, 'sorry': 1, 'bed': 1, 'time': 1, 'came': 1, 'gmt1': 1}"
0,1467817502,Mon Apr 06 22:21:32 PDT 2009,NO_QUERY,Tmttq86,fleurylis either depressing think even want know kids suitcases,"{'fleurylis': 1, 'either': 1, 'depressing': 1, 'think': 1, 'even': 1, 'want': 1, 'know': 1, 'kids': 1, 'suitcases': 1}"
0,1467818007,Mon Apr 06 22:21:39 PDT 2009,NO_QUERY,Anthony_Nguyen,bed class 812 work 123 gym 35 6 class 610 another day gonna fly miss girlfriend,"{'bed': 1, 'class': 2, '812': 1, 'work': 1, '123': 1, 'gym': 1, '35': 1, '6': 1, '610': 1, 'another': 1, 'day': 1, 'gonna': 1, 'fly': 1, 'miss': 1, 'girlfriend': 1}"
0,1467818020,Mon Apr 06 22:21:39 PDT 2009,NO_QUERY,itsanimesh,really feel like getting today got study tomorrows practical exam,"{'really': 1, 'feel': 1, 'like': 1, 'getting': 1, 'today': 1, 'got': 1, 'study': 1, 'tomorrows': 1, 'practical': 1, 'exam': 1}"
0,1467818481,Mon Apr 06 22:21:46 PDT 2009,NO_QUERY,lionslamb,reason teardrops guitar one enough break heart,"{'reason': 1, 'teardrops': 1, 'guitar': 1, 'one': 1, 'enough': 1, 'break': 1, 'heart': 1}"
0,1467818603,Mon Apr 06 22:21:49 PDT 2009,NO_QUERY,kennypham,sad sad sad know hate feeling wanna sleep still,"{'sad': 3, 'know': 1, 'hate': 1, 'feeling': 1, 'wanna': 1, 'sleep': 1, 'still': 1}"
0,1467818900,Mon Apr 06 22:21:53 PDT 2009,NO_QUERY,DdubsShellBell,jonathanrknight awww soo wish see finally comfortable im sad missed,"{'jonathanrknight': 1, 'awww': 1, 'soo': 1, 'wish': 1, 'see': 1, 'finally': 1, 'comfortable': 1, 'im': 1, 'sad': 1, 'missed': 1}"
0,1467819022,Mon Apr 06 22:21:56 PDT 2009,NO_QUERY,hpfangirl94,falling asleep heard tracy girl body found sad heart breaks family,"{'falling': 1, 'asleep': 1, 'heard': 1, 'tracy': 1, 'girl': 1, 'body': 1, 'found': 1, 'sad': 1, 'heart': 1, 'breaks': 1, 'family': 1}"
0,1467819650,Mon Apr 06 22:22:05 PDT 2009,NO_QUERY,antzpantz,viennah yay m happy job also means less time,"{'viennah': 1, 'yay': 1, 'm': 1, 'happy': 1, 'job': 1, 'also': 1, 'means': 1, 'less': 1, 'time': 1}"
0,1467819712,Mon Apr 06 22:22:06 PDT 2009,NO_QUERY,labrt2004,checked user timeline blackberry looks like twanking still happening ppl still probs w bgs uids,"{'checked': 1, 'user': 1, 'timeline': 1, 'blackberry': 1, 'looks': 1, 'like': 1, 'twanking': 1, 'still': 2, 'happening': 1, 'ppl': 1, 'probs': 1, 'w': 1, 'bgs': 1, 'uids': 1}"
0,1467819812,Mon Apr 06 22:22:07 PDT 2009,NO_QUERY,IrisJumbe,oh manwas ironing jeancjumbe fave top wear meeting burnt,"{'oh': 1, 'manwas': 1, 'ironing': 1, 'jeancjumbe': 1, 'fave': 1, 'top': 1, 'wear': 1, 'meeting': 1, 'burnt': 1}"
0,1467820206,Mon Apr 06 22:22:13 PDT 2009,NO_QUERY,peacoats,strangely sad lilo samro breaking,"{'strangely': 1, 'sad': 1, 'lilo': 1, 'samro': 1, 'breaking': 1}"
0,1467820835,Mon Apr 06 22:22:25 PDT 2009,NO_QUERY,cyantist,tea oh m sorry didn think retweeting,"{'tea': 1, 'oh': 1, 'm': 1, 'sorry': 1, 'didn': 1, 'think': 1, 'retweeting': 1}"
0,1467820863,Mon Apr 06 22:22:23 PDT 2009,NO_QUERY,tautao,broadband plan massive broken promise via wwwdiigocomtautao still waiting broadband,"{'broadband': 2, 'plan': 1, 'massive': 1, 'broken': 1, 'promise': 1, 'via': 1, 'wwwdiigocomtautao': 1, 'still': 1, 'waiting': 1}"
0,1467820906,Mon Apr 06 22:22:24 PDT 2009,NO_QUERY,voyage2k,localtweeps wow tons replies may unfollow see friends tweets re scrolling feed lot,"{'localtweeps': 1, 'wow': 1, 'tons': 1, 'replies': 1, 'may': 1, 'unfollow': 1, 'see': 1, 'friends': 1, 'tweets': 1, 're': 1, 'scrolling': 1, 'feed': 1, 'lot': 1}"
0,1467821085,Mon Apr 06 22:22:26 PDT 2009,NO_QUERY,crzy_cdn_bulas,duck chicken taking wayyy long hatch,"{'duck': 1, 'chicken': 1, 'taking': 1, 'wayyy': 1, 'long': 1, 'hatch': 1}"
0,1467821338,Mon Apr 06 22:22:30 PDT 2009,NO_QUERY,justnetgirl,put vacation photos online yrs ago pc crashed forget name site,"{'put': 1, 'vacation': 1, 'photos': 1, 'online': 1, 'yrs': 1, 'ago': 1, 'pc': 1, 'crashed': 1, 'forget': 1, 'name': 1, 'site': 1}"
0,1467821455,Mon Apr 06 22:22:32 PDT 2009,NO_QUERY,CiaraRenee,need hug,"{'need': 1, 'hug': 1}"
0,1467821715,Mon Apr 06 22:22:37 PDT 2009,NO_QUERY,deelau,andywana sure pos much want dont think trade away company assets sorry andy,"{'andywana': 1, 'sure': 1, 'pos': 1, 'much': 1, 'want': 1, 'dont': 1, 'think': 1, 'trade': 1, 'away': 1, 'company': 1, 'assets': 1, 'sorry': 1, 'andy': 1}"
0,1467822384,Mon Apr 06 22:22:47 PDT 2009,NO_QUERY,Lindsey0920,oanhlove hate happens,"{'oanhlove': 1, 'hate': 1, 'happens': 1}"
0,1467822389,Mon Apr 06 22:22:47 PDT 2009,NO_QUERY,HybridMink,sad feeling dallas going show gotta say though d think shows would use music game mmm,"{'sad': 1, 'feeling': 1, 'dallas': 1, 'going': 1, 'show': 1, 'gotta': 1, 'say': 1, 'though': 1, 'd': 1, 'think': 1, 'shows': 1, 'would': 1, 'use': 1, 'music': 1, 'game': 1, 'mmm': 1}"
0,1467822519,Mon Apr 06 22:22:49 PDT 2009,NO_QUERY,gzacher,ugh92 degrees tomorrow,"{'ugh92': 1, 'degrees': 1, 'tomorrow': 1}"
0,1467822522,Mon Apr 06 22:22:49 PDT 2009,NO_QUERY,Jenn_L,u move thought u already sd hmmm random u found glad hear yer well,"{'u': 3, 'move': 1, 'thought': 1, 'already': 1, 'sd': 1, 'hmmm': 1, 'random': 1, 'found': 1, 'glad': 1, 'hear': 1, 'yer': 1, 'well': 1}"
0,1467822687,Mon Apr 06 22:22:52 PDT 2009,NO_QUERY,xVivaLaJuicyx,batmanyng miss ps3 commission wutcha playing copped blood sand,"{'batmanyng': 1, 'miss': 1, 'ps3': 1, 'commission': 1, 'wutcha': 1, 'playing': 1, 'copped': 1, 'blood': 1, 'sand': 1}"
0,1467822918,Mon Apr 06 22:22:55 PDT 2009,NO_QUERY,krbleyle,leaving parking lot work,"{'leaving': 1, 'parking': 1, 'lot': 1, 'work': 1}"
0,1467823437,Mon Apr 06 22:23:03 PDT 2009,NO_QUERY,xpika,life cool,"{'life': 1, 'cool': 1}"
0,1467823770,Mon Apr 06 22:23:08 PDT 2009,NO_QUERY,Henkuyinepu,sadly though ve never gotten experience post coitus cigarette never,"{'sadly': 1, 'though': 1, 've': 1, 'never': 2, 'gotten': 1, 'experience': 1, 'post': 1, 'coitus': 1, 'cigarette': 1}"
0,1467823851,Mon Apr 06 22:23:09 PDT 2009,NO_QUERY,ericg622,nice day bad rain comes tomorrow 5am,"{'nice': 1, 'day': 1, 'bad': 1, 'rain': 1, 'comes': 1, 'tomorrow': 1, '5am': 1}"
0,1467824199,Mon Apr 06 22:23:15 PDT 2009,NO_QUERY,adri_mane,starrbby bad won around lost job even pay phone bill lmao aw shucks,"{'starrbby': 1, 'bad': 1, 'won': 1, 'around': 1, 'lost': 1, 'job': 1, 'even': 1, 'pay': 1, 'phone': 1, 'bill': 1, 'lmao': 1, 'aw': 1, 'shucks': 1}"
0,1467824664,Mon Apr 06 22:23:23 PDT 2009,NO_QUERY,a_mariepyt,damm back school tomorrow,"{'damm': 1, 'back': 1, 'school': 1, 'tomorrow': 1}"
0,1467824967,Mon Apr 06 22:23:28 PDT 2009,NO_QUERY,playboybacon,mo jobs money hell min wage 4 f n clams hour,"{'mo': 1, 'jobs': 1, 'money': 1, 'hell': 1, 'min': 1, 'wage': 1, '4': 1, 'f': 1, 'n': 1, 'clams': 1, 'hour': 1}"
0,1467825003,Mon Apr 06 22:23:28 PDT 2009,NO_QUERY,leslierosales,katortiz forever see soon,"{'katortiz': 1, 'forever': 1, 'see': 1, 'soon': 1}"
0,1467825084,Mon Apr 06 22:23:30 PDT 2009,NO_QUERY,PresidentSnow,ltalgonquin agreed saw failwhale allllll day today,"{'ltalgonquin': 1, 'agreed': 1, 'saw': 1, 'failwhale': 1, 'allllll': 1, 'day': 1, 'today': 1}"
0,1467825411,Mon Apr 06 22:23:35 PDT 2009,NO_QUERY,michrod,jdarter oh haha dude dont really look em unless someone says hey added sorry m terrible need pop,"{'jdarter': 1, 'oh': 1, 'haha': 1, 'dude': 1, 'dont': 1, 'really': 1, 'look': 1, 'em': 1, 'unless': 1, 'someone': 1, 'says': 1, 'hey': 1, 'added': 1, 'sorry': 1, 'm': 1, 'terrible': 1, 'need': 1, 'pop': 1}"
0,1467825642,Mon Apr 06 22:23:39 PDT 2009,NO_QUERY,timmelko,ninjen m sure re right need start working nikster jared least,"{'ninjen': 1, 'm': 1, 'sure': 1, 're': 1, 'right': 1, 'need': 1, 'start': 1, 'working': 1, 'nikster': 1, 'jared': 1, 'least': 1}"
0,1467825863,Mon Apr 06 22:23:43 PDT 2009,NO_QUERY,BrookeAmanda,really hate people diss bands trace clearly ugly,"{'really': 1, 'hate': 1, 'people': 1, 'diss': 1, 'bands': 1, 'trace': 1, 'clearly': 1, 'ugly': 1}"
0,1467825883,Mon Apr 06 22:23:43 PDT 2009,NO_QUERY,deelau,gym attire today puma singlet adidas shortsand black business socks leather shoes lucky run cute girls,"{'gym': 1, 'attire': 1, 'today': 1, 'puma': 1, 'singlet': 1, 'adidas': 1, 'shortsand': 1, 'black': 1, 'business': 1, 'socks': 1, 'leather': 1, 'shoes': 1, 'lucky': 1, 'run': 1, 'cute': 1, 'girls': 1}"
0,1467826052,Mon Apr 06 22:23:45 PDT 2009,NO_QUERY,paulseverio,won show location,"{'won': 1, 'show': 1, 'location': 1}"
0,1467833672,Mon Apr 06 22:25:44 PDT 2009,NO_QUERY,iv3tte,picnic phone smells like citrus,"{'picnic': 1, 'phone': 1, 'smells': 1, 'like': 1, 'citrus': 1}"
0,1467833690,Mon Apr 06 22:25:44 PDT 2009,NO_QUERY,fedunska,ashleyac donkey sensitive comments nevertheless d d glad see mug asap charger still awol,"{'ashleyac': 1, 'donkey': 1, 'sensitive': 1, 'comments': 1, 'nevertheless': 1, 'd': 2, 'glad': 1, 'see': 1, 'mug': 1, 'asap': 1, 'charger': 1, 'still': 1, 'awol': 1}"
0,1467833736,Mon Apr 06 22:25:45 PDT 2009,NO_QUERY,MagicalMason,new csi tonight fml,"{'new': 1, 'csi': 1, 'tonight': 1, 'fml': 1}"
0,1467833799,Mon Apr 06 22:25:46 PDT 2009,NO_QUERY,kaelaaa,think arms sore tennis,"{'think': 1, 'arms': 1, 'sore': 1, 'tennis': 1}"
0,1467834001,Mon Apr 06 22:25:49 PDT 2009,NO_QUERY,emo_holic,wonders someone u like much make unhappy split seccond depressed,"{'wonders': 1, 'someone': 1, 'u': 1, 'like': 1, 'much': 1, 'make': 1, 'unhappy': 1, 'split': 1, 'seccond': 1, 'depressed': 1}"
0,1467834053,Mon Apr 06 22:25:52 PDT 2009,NO_QUERY,thelazyboy,sleep soon hate saying bye see tomorrow night,"{'sleep': 1, 'soon': 1, 'hate': 1, 'saying': 1, 'bye': 1, 'see': 1, 'tomorrow': 1, 'night': 1}"
0,1467834227,Mon Apr 06 22:25:53 PDT 2009,NO_QUERY,driveaway2008,statravelau got ur newsletter fares really unbelievable shame already booked paid mine,"{'statravelau': 1, 'got': 1, 'ur': 1, 'newsletter': 1, 'fares': 1, 'really': 1, 'unbelievable': 1, 'shame': 1, 'already': 1, 'booked': 1, 'paid': 1, 'mine': 1}"
0,1467834239,Mon Apr 06 22:25:53 PDT 2009,NO_QUERY,mscha,missin boo,"{'missin': 1, 'boo': 1}"
0,1467834265,Mon Apr 06 22:25:54 PDT 2009,NO_QUERY,mike_webster_au,markhardy1974 itm,"{'markhardy1974': 1, 'itm': 1}"
0,1467834284,Mon Apr 06 22:25:54 PDT 2009,NO_QUERY,basiabeans,damn chalk chalkboard useless,"{'damn': 1, 'chalk': 1, 'chalkboard': 1, 'useless': 1}"
0,1467834400,Mon Apr 06 22:25:56 PDT 2009,NO_QUERY,calihonda2001,blast getty villa hates sore throat day getting worse,"{'blast': 1, 'getty': 1, 'villa': 1, 'hates': 1, 'sore': 1, 'throat': 1, 'day': 1, 'getting': 1, 'worse': 1}"
0,1467834817,Mon Apr 06 22:26:02 PDT 2009,NO_QUERY,djwayneski,msdrama hey missed ya meeting sup mama,"{'msdrama': 1, 'hey': 1, 'missed': 1, 'ya': 1, 'meeting': 1, 'sup': 1, 'mama': 1}"
0,1467835085,Mon Apr 06 22:26:06 PDT 2009,NO_QUERY,Ceejison,tummy hurts wonder hypnosis anything working get stop smoking,"{'tummy': 1, 'hurts': 1, 'wonder': 1, 'hypnosis': 1, 'anything': 1, 'working': 1, 'get': 1, 'stop': 1, 'smoking': 1}"
0,1467835198,Mon Apr 06 22:26:08 PDT 2009,NO_QUERY,ItsBrigittaYo,always fat ones,"{'always': 1, 'fat': 1, 'ones': 1}"
0,1467835305,Mon Apr 06 22:26:10 PDT 2009,NO_QUERY,MissLaura317,januarycrimson sorry babe fam annoys thankfully re asleep right muahaha evil laugh,"{'januarycrimson': 1, 'sorry': 1, 'babe': 1, 'fam': 1, 'annoys': 1, 'thankfully': 1, 're': 1, 'asleep': 1, 'right': 1, 'muahaha': 1, 'evil': 1, 'laugh': 1}"
0,1467835345,Mon Apr 06 22:26:10 PDT 2009,NO_QUERY,RU_it_girl,hollywoodheat paid attention covered photoshop webpage design class undergrad,"{'hollywoodheat': 1, 'paid': 1, 'attention': 1, 'covered': 1, 'photoshop': 1, 'webpage': 1, 'design': 1, 'class': 1, 'undergrad': 1}"
0,1467835577,Mon Apr 06 22:26:14 PDT 2009,NO_QUERY,viviana09,wednesday bday know 2,"{'wednesday': 1, 'bday': 1, 'know': 1, '2': 1}"
0,1467835880,Mon Apr 06 22:26:18 PDT 2009,NO_QUERY,disneyfan4eva,poor cameron hills,"{'poor': 1, 'cameron': 1, 'hills': 1}"
0,1467836024,Mon Apr 06 22:26:21 PDT 2009,NO_QUERY,RoseMaryK,pray please ex threatening start sh myour babies 1st birthday party jerk still headache,"{'pray': 1, 'please': 1, 'ex': 1, 'threatening': 1, 'start': 1, 'sh': 1, 'myour': 1, 'babies': 1, '1st': 1, 'birthday': 1, 'party': 1, 'jerk': 1, 'still': 1, 'headache': 1}"
0,1467836111,Mon Apr 06 22:26:22 PDT 2009,NO_QUERY,perrohunter,makeherfamous hmm u really enjoy problems constants u think things find someone ulike,"{'makeherfamous': 1, 'hmm': 1, 'u': 2, 'really': 1, 'enjoy': 1, 'problems': 1, 'constants': 1, 'think': 1, 'things': 1, 'find': 1, 'someone': 1, 'ulike': 1}"
0,1467836448,Mon Apr 06 22:26:27 PDT 2009,NO_QUERY,Dogbook,strider sick little puppy,"{'strider': 1, 'sick': 1, 'little': 1, 'puppy': 1}"
0,1467836500,Mon Apr 06 22:26:28 PDT 2009,NO_QUERY,natalieantipas,ryleegracewana go steve party sadly since easter wnt b able 2 much ohh well,"{'ryleegracewana': 1, 'go': 1, 'steve': 1, 'party': 1, 'sadly': 1, 'since': 1, 'easter': 1, 'wnt': 1, 'b': 1, 'able': 1, '2': 1, 'much': 1, 'ohh': 1, 'well': 1}"
0,1467836576,Mon Apr 06 22:26:29 PDT 2009,NO_QUERY,timdonnelly,hey actually won one bracket pools bad wasn one money,"{'hey': 1, 'actually': 1, 'won': 1, 'one': 2, 'bracket': 1, 'pools': 1, 'bad': 1, 'wasn': 1, 'money': 1}"
0,1467836583,Mon Apr 06 22:26:29 PDT 2009,NO_QUERY,homeworld,stark follow either work,"{'stark': 1, 'follow': 1, 'either': 1, 'work': 1}"
0,1467836859,Mon Apr 06 22:26:33 PDT 2009,NO_QUERY,willy_chaz,bad nite favorite teams astros spartans lose nite tw good,"{'bad': 1, 'nite': 2, 'favorite': 1, 'teams': 1, 'astros': 1, 'spartans': 1, 'lose': 1, 'tw': 1, 'good': 1}"
4,1685536790,Sun May 03 00:50:28 PDT 2009,NO_QUERY,alphielafray,im quite blissfully happy great close friend sweetest guy im somewhat happy,"{'im': 2, 'quite': 1, 'blissfully': 1, 'happy': 2, 'great': 1, 'close': 1, 'friend': 1, 'sweetest': 1, 'guy': 1, 'somewhat': 1}"
4,1685536825,Sun May 03 00:50:29 PDT 2009,NO_QUERY,bekki701,lying tent kasey deciding 2 today,"{'lying': 1, 'tent': 1, 'kasey': 1, 'deciding': 1, '2': 1, 'today': 1}"
4,1685536869,Sun May 03 00:50:29 PDT 2009,NO_QUERY,gypsyraven,colinsato maybe m slow w lightbulb jokes wait doesn make sound good oh hell,"{'colinsato': 1, 'maybe': 1, 'm': 1, 'slow': 1, 'w': 1, 'lightbulb': 1, 'jokes': 1, 'wait': 1, 'doesn': 1, 'make': 1, 'sound': 1, 'good': 1, 'oh': 1, 'hell': 1}"
4,1685536872,Sun May 03 00:50:29 PDT 2009,NO_QUERY,spookymcgee13,glorbis thanks darlin ill check,"{'glorbis': 1, 'thanks': 1, 'darlin': 1, 'ill': 1, 'check': 1}"
4,1685536916,Sun May 03 00:50:30 PDT 2009,NO_QUERY,KindDog,heartdog beautiful dog,"{'heartdog': 1, 'beautiful': 1, 'dog': 1}"
4,1685536953,Sun May 03 00:50:30 PDT 2009,NO_QUERY,Monkster1978,happy birthday sadboring one,"{'happy': 1, 'birthday': 1, 'sadboring': 1, 'one': 1}"
4,1685536955,Sun May 03 00:50:31 PDT 2009,NO_QUERY,MissJae1216,late night munchies anyone care tres leche cake yummie,"{'late': 1, 'night': 1, 'munchies': 1, 'anyone': 1, 'care': 1, 'tres': 1, 'leche': 1, 'cake': 1, 'yummie': 1}"
4,1685537157,Sun May 03 00:50:34 PDT 2009,NO_QUERY,TimmayWeaver,good night good friends good life,"{'good': 3, 'night': 1, 'friends': 1, 'life': 1}"
4,1685537200,Sun May 03 00:50:35 PDT 2009,NO_QUERY,mandyjeanclyatt,excited spend time family see bri new apartment,"{'excited': 1, 'spend': 1, 'time': 1, 'family': 1, 'see': 1, 'bri': 1, 'new': 1, 'apartment': 1}"
4,1685537254,Sun May 03 00:50:36 PDT 2009,NO_QUERY,nischalshetty,unitechy speakin marathi movies ve watched one quotshwaasquot absolutely loved hope u hve watched tht mulgi,"{'unitechy': 1, 'speakin': 1, 'marathi': 1, 'movies': 1, 've': 1, 'watched': 2, 'one': 1, 'quotshwaasquot': 1, 'absolutely': 1, 'loved': 1, 'hope': 1, 'u': 1, 'hve': 1, 'tht': 1, 'mulgi': 1}"
4,1685537270,Sun May 03 00:50:36 PDT 2009,NO_QUERY,craftycameleon,thank new followers tomorrow ll show new blog called quotpolymer clay cameleonquot m getting ready make original clay art,"{'thank': 1, 'new': 2, 'followers': 1, 'tomorrow': 1, 'll': 1, 'show': 1, 'blog': 1, 'called': 1, 'quotpolymer': 1, 'clay': 2, 'cameleonquot': 1, 'm': 1, 'getting': 1, 'ready': 1, 'make': 1, 'original': 1, 'art': 1}"
4,1685537306,Sun May 03 00:50:36 PDT 2009,NO_QUERY,dannymcguffin,keykim go key cindy mighty asian thunder,"{'keykim': 1, 'go': 1, 'key': 1, 'cindy': 1, 'mighty': 1, 'asian': 1, 'thunder': 1}"
4,1685537329,Sun May 03 00:50:37 PDT 2009,NO_QUERY,Audiopimpstress,gmoreira001 fun tonight thanks,"{'gmoreira001': 1, 'fun': 1, 'tonight': 1, 'thanks': 1}"
4,1685537374,Sun May 03 00:50:38 PDT 2009,NO_QUERY,ArguellesMusic,re twitter,"{'re': 1, 'twitter': 1}"
4,1685537396,Sun May 03 00:50:38 PDT 2009,NO_QUERY,askBilal,khloekardashian khloe dear d love hear tao hear nyc ttyl,"{'khloekardashian': 1, 'khloe': 1, 'dear': 1, 'd': 1, 'love': 1, 'hear': 2, 'tao': 1, 'nyc': 1, 'ttyl': 1}"
4,1685537492,Sun May 03 00:50:39 PDT 2009,NO_QUERY,MarieHeden,hippikajee today going nothing yes first sunday like ever nothing,"{'hippikajee': 1, 'today': 1, 'going': 1, 'nothing': 2, 'yes': 1, 'first': 1, 'sunday': 1, 'like': 1, 'ever': 1}"
4,1685537497,Sun May 03 00:50:39 PDT 2009,NO_QUERY,ian_si,crayons used colouring books,"{'crayons': 1, 'used': 1, 'colouring': 1, 'books': 1}"
4,1685537528,Sun May 03 00:50:40 PDT 2009,NO_QUERY,joanneangeLo3,surfing net,"{'surfing': 1, 'net': 1}"
4,1685537580,Sun May 03 00:50:41 PDT 2009,NO_QUERY,Thatbeadgurl,louiedoodle yeah problems re ready know certain things takes time hey,"{'louiedoodle': 1, 'yeah': 1, 'problems': 1, 're': 1, 'ready': 1, 'know': 1, 'certain': 1, 'things': 1, 'takes': 1, 'time': 1, 'hey': 1}"
4,1685537583,Sun May 03 00:50:41 PDT 2009,NO_QUERY,mycahhhx3,feels good finally bed super long day np better way end holiday,"{'feels': 1, 'good': 1, 'finally': 1, 'bed': 1, 'super': 1, 'long': 1, 'day': 1, 'np': 1, 'better': 1, 'way': 1, 'end': 1, 'holiday': 1}"
4,1685537664,Sun May 03 00:50:43 PDT 2009,NO_QUERY,bjeld,rise shining listening new quot007 also gonna diequot tune going beach surf today,"{'rise': 1, 'shining': 1, 'listening': 1, 'new': 1, 'quot007': 1, 'also': 1, 'gonna': 1, 'diequot': 1, 'tune': 1, 'going': 1, 'beach': 1, 'surf': 1, 'today': 1}"
4,1685537784,Sun May 03 00:50:45 PDT 2009,NO_QUERY,awe_yeah,awesome cut bitch,"{'awesome': 1, 'cut': 1, 'bitch': 1}"
4,1685537797,Sun May 03 00:50:45 PDT 2009,NO_QUERY,trevwill,funny lemur video like move move,"{'funny': 1, 'lemur': 1, 'video': 1, 'like': 1, 'move': 2}"
4,1685537882,Sun May 03 00:50:47 PDT 2009,NO_QUERY,NooNoosMcD,good morning ball ipl yest taking easy today,"{'good': 1, 'morning': 1, 'ball': 1, 'ipl': 1, 'yest': 1, 'taking': 1, 'easy': 1, 'today': 1}"
4,1685537909,Sun May 03 00:50:47 PDT 2009,NO_QUERY,carrotcaker,updated multiply blog gabe saporta fantasies yiiiie iloveyou gaaaabe,"{'updated': 1, 'multiply': 1, 'blog': 1, 'gabe': 1, 'saporta': 1, 'fantasies': 1, 'yiiiie': 1, 'iloveyou': 1, 'gaaaabe': 1}"
4,1685537917,Sun May 03 00:50:47 PDT 2009,NO_QUERY,himbeerReis,breakfast highlander,"{'breakfast': 1, 'highlander': 1}"
4,1685538029,Sun May 03 00:50:49 PDT 2009,NO_QUERY,sunny525,daydreamlily thanks liss great blog mugs perfect idea friend upcoming birthdayanniversary,"{'daydreamlily': 1, 'thanks': 1, 'liss': 1, 'great': 1, 'blog': 1, 'mugs': 1, 'perfect': 1, 'idea': 1, 'friend': 1, 'upcoming': 1, 'birthdayanniversary': 1}"
4,1685538030,Sun May 03 00:50:49 PDT 2009,NO_QUERY,gabriella_93,hahah aww cat snoring,"{'hahah': 1, 'aww': 1, 'cat': 1, 'snoring': 1}"
4,1685538107,Sun May 03 00:50:50 PDT 2009,NO_QUERY,stevencutajar,satisfied recording session today,"{'satisfied': 1, 'recording': 1, 'session': 1, 'today': 1}"
4,1685538264,Sun May 03 00:50:53 PDT 2009,NO_QUERY,annabelle_j,capital quotequot empty purse mention already,"{'capital': 1, 'quotequot': 1, 'empty': 1, 'purse': 1, 'mention': 1, 'already': 1}"
4,1685538312,Sun May 03 00:50:54 PDT 2009,NO_QUERY,mcflyapril,writing english story involves hannahmcfly tommcfly peow peow,"{'writing': 1, 'english': 1, 'story': 1, 'involves': 1, 'hannahmcfly': 1, 'tommcfly': 1, 'peow': 2}"
4,1685538391,Sun May 03 00:50:56 PDT 2009,NO_QUERY,_veritas,gomezkun glad made safely good luck,"{'gomezkun': 1, 'glad': 1, 'made': 1, 'safely': 1, 'good': 1, 'luck': 1}"
4,1685538392,Sun May 03 00:50:56 PDT 2009,NO_QUERY,Mary0000,damn good weather cool walking park,"{'damn': 1, 'good': 1, 'weather': 1, 'cool': 1, 'walking': 1, 'park': 1}"
4,1685538405,Sun May 03 00:50:56 PDT 2009,NO_QUERY,Tiianaaa,beyy lmao sounds like miley wins kca ha,"{'beyy': 1, 'lmao': 1, 'sounds': 1, 'like': 1, 'miley': 1, 'wins': 1, 'kca': 1, 'ha': 1}"
4,1685538433,Sun May 03 00:50:56 PDT 2009,NO_QUERY,NaythenCash,cutiepie04ct lot work ladies look nice,"{'cutiepie04ct': 1, 'lot': 1, 'work': 1, 'ladies': 1, 'look': 1, 'nice': 1}"
4,1685538437,Sun May 03 00:50:56 PDT 2009,NO_QUERY,talkingROBOT,jessicabangbang thank,"{'jessicabangbang': 1, 'thank': 1}"
4,1685538483,Sun May 03 00:50:57 PDT 2009,NO_QUERY,gascony,sloweurope please add list re compiling ve missed far merci,"{'sloweurope': 1, 'please': 1, 'add': 1, 'list': 1, 're': 1, 'compiling': 1, 've': 1, 'missed': 1, 'far': 1, 'merci': 1}"
4,1685538524,Sun May 03 00:50:58 PDT 2009,NO_QUERY,lifeiskiwis,today ended okay yay awesome start looked like going shit day,"{'today': 1, 'ended': 1, 'okay': 1, 'yay': 1, 'awesome': 1, 'start': 1, 'looked': 1, 'like': 1, 'going': 1, 'shit': 1, 'day': 1}"
4,1685538579,Sun May 03 00:50:58 PDT 2009,NO_QUERY,Rakundo,optivflatworms looks nice,"{'optivflatworms': 1, 'looks': 1, 'nice': 1}"
4,1685538779,Sun May 03 00:51:02 PDT 2009,NO_QUERY,MrsVaught,khloekardashian fun gets crowded clubs las vegan try steer clear ha,"{'khloekardashian': 1, 'fun': 1, 'gets': 1, 'crowded': 1, 'clubs': 1, 'las': 1, 'vegan': 1, 'try': 1, 'steer': 1, 'clear': 1, 'ha': 1}"
4,1685538781,Sun May 03 00:51:02 PDT 2009,NO_QUERY,thecomicproject,ltte visceral mistake terrorists neutralized,"{'ltte': 1, 'visceral': 1, 'mistake': 1, 'terrorists': 1, 'neutralized': 1}"
4,1685538795,Sun May 03 00:51:02 PDT 2009,NO_QUERY,zeezart,nobodynobody perfecttherefore perfect,"{'nobodynobody': 1, 'perfecttherefore': 1, 'perfect': 1}"
4,1685538815,Sun May 03 00:51:03 PDT 2009,NO_QUERY,sdesic,jointhebar thing money nothing maybe dire straits song,"{'jointhebar': 1, 'thing': 1, 'money': 1, 'nothing': 1, 'maybe': 1, 'dire': 1, 'straits': 1, 'song': 1}"
4,1685538855,Sun May 03 00:51:03 PDT 2009,NO_QUERY,godsolite,finally delaware two hours til get beach,"{'finally': 1, 'delaware': 1, 'two': 1, 'hours': 1, 'til': 1, 'get': 1, 'beach': 1}"
4,1685538895,Sun May 03 00:51:04 PDT 2009,NO_QUERY,Meshlena,got go bed started 3 layouts code tomorrow,"{'got': 1, 'go': 1, 'bed': 1, 'started': 1, '3': 1, 'layouts': 1, 'code': 1, 'tomorrow': 1}"
4,1685538905,Sun May 03 00:51:04 PDT 2009,NO_QUERY,ekaJ9103,hahaha ok got bud played xbox360real one lol smoking cigarette sleep,"{'hahaha': 1, 'ok': 1, 'got': 1, 'bud': 1, 'played': 1, 'xbox360real': 1, 'one': 1, 'lol': 1, 'smoking': 1, 'cigarette': 1, 'sleep': 1}"
4,1685539005,Sun May 03 00:51:06 PDT 2009,NO_QUERY,NarcissticBeaut,josephvelasquez omg knooooooooow sooo much fun,"{'josephvelasquez': 1, 'omg': 1, 'knooooooooow': 1, 'sooo': 1, 'much': 1, 'fun': 1}"
4,1685539023,Sun May 03 00:51:06 PDT 2009,NO_QUERY,danniieebaybee,taylorswift13 heyy love music lt3 x plz follow,"{'taylorswift13': 1, 'heyy': 1, 'love': 1, 'music': 1, 'lt3': 1, 'x': 1, 'plz': 1, 'follow': 1}"
4,1685539057,Sun May 03 00:51:06 PDT 2009,NO_QUERY,juju221,finally finised lover avenged making sunday lucnh today come yorkshire puddings,"{'finally': 1, 'finised': 1, 'lover': 1, 'avenged': 1, 'making': 1, 'sunday': 1, 'lucnh': 1, 'today': 1, 'come': 1, 'yorkshire': 1, 'puddings': 1}"
4,1685539064,Sun May 03 00:51:07 PDT 2009,NO_QUERY,nikeasm,leavin tha young joc concert bd wifun wait pee go bed,"{'leavin': 1, 'tha': 1, 'young': 1, 'joc': 1, 'concert': 1, 'bd': 1, 'wifun': 1, 'wait': 1, 'pee': 1, 'go': 1, 'bed': 1}"
4,1685539143,Sun May 03 00:51:08 PDT 2009,NO_QUERY,leslieyuko,stellarsamar sjav yes today sooo much fun lets soon beach time hopefully soon,"{'stellarsamar': 1, 'sjav': 1, 'yes': 1, 'today': 1, 'sooo': 1, 'much': 1, 'fun': 1, 'lets': 1, 'soon': 2, 'beach': 1, 'time': 1, 'hopefully': 1}"
4,1685539154,Sun May 03 00:51:08 PDT 2009,NO_QUERY,littlepinktees,meeza mmm yummy make,"{'meeza': 1, 'mmm': 1, 'yummy': 1, 'make': 1}"
4,1685539200,Sun May 03 00:51:09 PDT 2009,NO_QUERY,Hcm311,finally joined matt shaffer 81,"{'finally': 1, 'joined': 1, 'matt': 1, 'shaffer': 1, '81': 1}"
4,1685539203,Sun May 03 00:51:09 PDT 2009,NO_QUERY,gabysslave,claireprocter sorry see re feeling poorly hope take east feel better soon,"{'claireprocter': 1, 'sorry': 1, 'see': 1, 're': 1, 'feeling': 1, 'poorly': 1, 'hope': 1, 'take': 1, 'east': 1, 'feel': 1, 'better': 1, 'soon': 1}"
4,1685539250,Sun May 03 00:51:10 PDT 2009,NO_QUERY,poppyscorner,buddythepuggy u r right ll try make one today though poppy hairdresser hair short,"{'buddythepuggy': 1, 'u': 1, 'r': 1, 'right': 1, 'll': 1, 'try': 1, 'make': 1, 'one': 1, 'today': 1, 'though': 1, 'poppy': 1, 'hairdresser': 1, 'hair': 1, 'short': 1}"
4,1685539251,Sun May 03 00:51:10 PDT 2009,NO_QUERY,KallieT,greentm didn start discussing abilityjust willingness take taskthe ability lack came later,"{'greentm': 1, 'didn': 1, 'start': 1, 'discussing': 1, 'abilityjust': 1, 'willingness': 1, 'take': 1, 'taskthe': 1, 'ability': 1, 'lack': 1, 'came': 1, 'later': 1}"
4,1685539334,Sun May 03 00:51:11 PDT 2009,NO_QUERY,ms_Sparkle,heyi know minute im back,"{'heyi': 1, 'know': 1, 'minute': 1, 'im': 1, 'back': 1}"
4,1685552570,Sun May 03 00:54:56 PDT 2009,NO_QUERY,stephamie,digital antennae cable room nowww soooooooooo nice ve never tv bedroom thx brother howie,"{'digital': 1, 'antennae': 1, 'cable': 1, 'room': 1, 'nowww': 1, 'soooooooooo': 1, 'nice': 1, 've': 1, 'never': 1, 'tv': 1, 'bedroom': 1, 'thx': 1, 'brother': 1, 'howie': 1}"
4,1685552792,Sun May 03 00:54:59 PDT 2009,NO_QUERY,deadali,yes bored first twitpic maybe ill ue ms next time aha,"{'yes': 1, 'bored': 1, 'first': 1, 'twitpic': 1, 'maybe': 1, 'ill': 1, 'ue': 1, 'ms': 1, 'next': 1, 'time': 1, 'aha': 1}"
4,1685553145,Sun May 03 00:55:05 PDT 2009,NO_QUERY,Relborn,staceyrebecca sounds like fun,"{'staceyrebecca': 1, 'sounds': 1, 'like': 1, 'fun': 1}"
4,1685553194,Sun May 03 00:55:06 PDT 2009,NO_QUERY,moirameow,benchand near bankstown left homebush ten mins ago marathon shopping mum,"{'benchand': 1, 'near': 1, 'bankstown': 1, 'left': 1, 'homebush': 1, 'ten': 1, 'mins': 1, 'ago': 1, 'marathon': 1, 'shopping': 1, 'mum': 1}"
4,1685553285,Sun May 03 00:55:07 PDT 2009,NO_QUERY,pocketlost,leftover chinese soo good youre drunk,"{'leftover': 1, 'chinese': 1, 'soo': 1, 'good': 1, 'youre': 1, 'drunk': 1}"
4,1685553311,Sun May 03 00:55:08 PDT 2009,NO_QUERY,Michske,getting ready go antwerp see talltom14 yay,"{'getting': 1, 'ready': 1, 'go': 1, 'antwerp': 1, 'see': 1, 'talltom14': 1, 'yay': 1}"
4,1685553393,Sun May 03 00:55:09 PDT 2009,NO_QUERY,kimsherrell,oliviawilder glad thank,"{'oliviawilder': 1, 'glad': 1, 'thank': 1}"
4,1685553415,Sun May 03 00:55:09 PDT 2009,NO_QUERY,michhh12,robhoffman turned 19 count least m 12 right right,"{'robhoffman': 1, 'turned': 1, '19': 1, 'count': 1, 'least': 1, 'm': 1, '12': 1, 'right': 2}"
4,1685553526,Sun May 03 00:55:11 PDT 2009,NO_QUERY,rcampbell123,breakfast quiet house gettin ready cckbrighton ccky sunday,"{'breakfast': 1, 'quiet': 1, 'house': 1, 'gettin': 1, 'ready': 1, 'cckbrighton': 1, 'ccky': 1, 'sunday': 1}"
4,1685553538,Sun May 03 00:55:11 PDT 2009,NO_QUERY,GibbyGibsonGaby,barely keep eyes open getting 3 hours sleep good youbut fun anyway,"{'barely': 1, 'keep': 1, 'eyes': 1, 'open': 1, 'getting': 1, '3': 1, 'hours': 1, 'sleep': 1, 'good': 1, 'youbut': 1, 'fun': 1, 'anyway': 1}"
4,1685553620,Sun May 03 00:55:12 PDT 2009,NO_QUERY,tristasutter,shout87 name blakesley grace sutter,"{'shout87': 1, 'name': 1, 'blakesley': 1, 'grace': 1, 'sutter': 1}"
4,1685553655,Sun May 03 00:55:13 PDT 2009,NO_QUERY,Cecyy,hoedown throwdown 8 haha love song catchy im im goin sleep 888,"{'hoedown': 1, 'throwdown': 1, '8': 1, 'haha': 1, 'love': 1, 'song': 1, 'catchy': 1, 'im': 2, 'goin': 1, 'sleep': 1, '888': 1}"
4,1685553821,Sun May 03 00:55:16 PDT 2009,NO_QUERY,emmabberg,drawing slightly irritated oh well nothing listening thefray keep sanity love,"{'drawing': 1, 'slightly': 1, 'irritated': 1, 'oh': 1, 'well': 1, 'nothing': 1, 'listening': 1, 'thefray': 1, 'keep': 1, 'sanity': 1, 'love': 1}"
4,1685553831,Sun May 03 00:55:16 PDT 2009,NO_QUERY,babyele,daughter omg cute sharina,"{'daughter': 1, 'omg': 1, 'cute': 1, 'sharina': 1}"
4,1685553853,Sun May 03 00:55:16 PDT 2009,NO_QUERY,Kristen1980,kyliedunkley m ready holiday u ve really got hooked twitter,"{'kyliedunkley': 1, 'm': 1, 'ready': 1, 'holiday': 1, 'u': 1, 've': 1, 'really': 1, 'got': 1, 'hooked': 1, 'twitter': 1}"
4,1685553880,Sun May 03 00:55:17 PDT 2009,NO_QUERY,JagesAnnan,lilmomz aww could help sometime worries fail writing sometimes darn repetition errors,"{'lilmomz': 1, 'aww': 1, 'could': 1, 'help': 1, 'sometime': 1, 'worries': 1, 'fail': 1, 'writing': 1, 'sometimes': 1, 'darn': 1, 'repetition': 1, 'errors': 1}"
4,1685553899,Sun May 03 00:55:17 PDT 2009,NO_QUERY,Gamerette,kikila like girly colors black matches everything,"{'kikila': 1, 'like': 1, 'girly': 1, 'colors': 1, 'black': 1, 'matches': 1, 'everything': 1}"
4,1685553904,Sun May 03 00:55:17 PDT 2009,NO_QUERY,almselectronica,yokoono re proud oko inspiration re supporting peace foundation nz march peace music,"{'yokoono': 1, 're': 2, 'proud': 1, 'oko': 1, 'inspiration': 1, 'supporting': 1, 'peace': 2, 'foundation': 1, 'nz': 1, 'march': 1, 'music': 1}"
4,1685553921,Sun May 03 00:55:18 PDT 2009,NO_QUERY,Neverm0re,omewan big jukebox music evening see,"{'omewan': 1, 'big': 1, 'jukebox': 1, 'music': 1, 'evening': 1, 'see': 1}"
4,1685553969,Sun May 03 00:55:18 PDT 2009,NO_QUERY,sonyasunshine,ppeggynguyennnn ahaaha yes much oh agree 100 ha,"{'ppeggynguyennnn': 1, 'ahaaha': 1, 'yes': 1, 'much': 1, 'oh': 1, 'agree': 1, '100': 1, 'ha': 1}"
4,1685554015,Sun May 03 00:55:19 PDT 2009,NO_QUERY,SpaceBird,love cute nice richmond city police officersthey rocked tonightas usual adore men uniforms,"{'love': 1, 'cute': 1, 'nice': 1, 'richmond': 1, 'city': 1, 'police': 1, 'officersthey': 1, 'rocked': 1, 'tonightas': 1, 'usual': 1, 'adore': 1, 'men': 1, 'uniforms': 1}"
4,1685554043,Sun May 03 00:55:19 PDT 2009,NO_QUERY,RockstarAtHeart,missmeggydoodle hi friend sale tomorrow noon4 bring stuff add ad craiglist,"{'missmeggydoodle': 1, 'hi': 1, 'friend': 1, 'sale': 1, 'tomorrow': 1, 'noon4': 1, 'bring': 1, 'stuff': 1, 'add': 1, 'ad': 1, 'craiglist': 1}"
4,1685554075,Sun May 03 00:55:20 PDT 2009,NO_QUERY,BwaySaint,want say think cousin lilmiss222 one strongest women know,"{'want': 1, 'say': 1, 'think': 1, 'cousin': 1, 'lilmiss222': 1, 'one': 1, 'strongest': 1, 'women': 1, 'know': 1}"
4,1685554077,Sun May 03 00:55:20 PDT 2009,NO_QUERY,jcremediosPR,thanks technology far away yet close,"{'thanks': 1, 'technology': 1, 'far': 1, 'away': 1, 'yet': 1, 'close': 1}"
4,1685554123,Sun May 03 00:55:21 PDT 2009,NO_QUERY,pauliniunia,daliuhh m gonna watch 4 think anazing d ok post news jonashqcom eg behind scenes,"{'daliuhh': 1, 'm': 1, 'gonna': 1, 'watch': 1, '4': 1, 'think': 1, 'anazing': 1, 'd': 1, 'ok': 1, 'post': 1, 'news': 1, 'jonashqcom': 1, 'eg': 1, 'behind': 1, 'scenes': 1}"
4,1685554124,Sun May 03 00:55:21 PDT 2009,NO_QUERY,ChoffaH,sassygurl08 movie good,"{'sassygurl08': 1, 'movie': 1, 'good': 1}"
4,1685554127,Sun May 03 00:55:21 PDT 2009,NO_QUERY,twinkleboi,ipswich772 cambo rocks,"{'ipswich772': 1, 'cambo': 1, 'rocks': 1}"
4,1685554213,Sun May 03 00:55:22 PDT 2009,NO_QUERY,thesassyonee,sethfan19 m gonna restart computer super quick ll 5 mins,"{'sethfan19': 1, 'm': 1, 'gonna': 1, 'restart': 1, 'computer': 1, 'super': 1, 'quick': 1, 'll': 1, '5': 1, 'mins': 1}"
4,1685554254,Sun May 03 00:55:23 PDT 2009,NO_QUERY,MummaBear,cimota read six reasons buy mac,"{'cimota': 1, 'read': 1, 'six': 1, 'reasons': 1, 'buy': 1, 'mac': 1}"
4,1685554297,Sun May 03 00:55:24 PDT 2009,NO_QUERY,iNashUK,m grateful neil concern thanks mate,"{'m': 1, 'grateful': 1, 'neil': 1, 'concern': 1, 'thanks': 1, 'mate': 1}"
4,1685554337,Sun May 03 00:55:24 PDT 2009,NO_QUERY,kyraleelee,youtube,{'youtube': 1}
4,1685554400,Sun May 03 00:55:26 PDT 2009,NO_QUERY,gypsyjax,cifanic portland amazing definitely breath fresh air,"{'cifanic': 1, 'portland': 1, 'amazing': 1, 'definitely': 1, 'breath': 1, 'fresh': 1, 'air': 1}"
4,1685554417,Sun May 03 00:55:26 PDT 2009,NO_QUERY,alylyflower,hydrielalmeth cool gotta listen soon,"{'hydrielalmeth': 1, 'cool': 1, 'gotta': 1, 'listen': 1, 'soon': 1}"
4,1685554451,Sun May 03 00:55:27 PDT 2009,NO_QUERY,juliadrab,loving new jonas show lt3 colander kristi amp finally going bed night,"{'loving': 1, 'new': 1, 'jonas': 1, 'show': 1, 'lt3': 1, 'colander': 1, 'kristi': 1, 'amp': 1, 'finally': 1, 'going': 1, 'bed': 1, 'night': 1}"
4,1685554530,Sun May 03 00:55:28 PDT 2009,NO_QUERY,skiippiie,yay im finally going able drive soon coz im goin licence tommorrow,"{'yay': 1, 'im': 2, 'finally': 1, 'going': 1, 'able': 1, 'drive': 1, 'soon': 1, 'coz': 1, 'goin': 1, 'licence': 1, 'tommorrow': 1}"
4,1685554532,Sun May 03 00:55:28 PDT 2009,NO_QUERY,ashleyny,m weird deal,"{'m': 1, 'weird': 1, 'deal': 1}"
4,1685554666,Sun May 03 00:55:30 PDT 2009,NO_QUERY,hesa,hurphydurphy oh honey ll find one spent weekend looking current abode getting,"{'hurphydurphy': 1, 'oh': 1, 'honey': 1, 'll': 1, 'find': 1, 'one': 1, 'spent': 1, 'weekend': 1, 'looking': 1, 'current': 1, 'abode': 1, 'getting': 1}"
4,1685554676,Sun May 03 00:55:30 PDT 2009,NO_QUERY,JordanOverboard,agh love blink,"{'agh': 1, 'love': 1, 'blink': 1}"
4,1685554684,Sun May 03 00:55:31 PDT 2009,NO_QUERY,Heidi_vb,morn waitin 4 sun 2 reappear cool havin 2 chase around chillin som coffee jst takin nice n slow haha,"{'morn': 1, 'waitin': 1, '4': 1, 'sun': 1, '2': 2, 'reappear': 1, 'cool': 1, 'havin': 1, 'chase': 1, 'around': 1, 'chillin': 1, 'som': 1, 'coffee': 1, 'jst': 1, 'takin': 1, 'nice': 1, 'n': 1, 'slow': 1, 'haha': 1}"
4,1685554730,Sun May 03 00:55:31 PDT 2009,NO_QUERY,KrissyJill,still 3am good grief good night,"{'still': 1, '3am': 1, 'good': 2, 'grief': 1, 'night': 1}"
4,1685554798,Sun May 03 00:55:32 PDT 2009,NO_QUERY,dwmoook,morning world taking parents meal today ahem forgot ruby anniversary last week blame lisa,"{'morning': 1, 'world': 1, 'taking': 1, 'parents': 1, 'meal': 1, 'today': 1, 'ahem': 1, 'forgot': 1, 'ruby': 1, 'anniversary': 1, 'last': 1, 'week': 1, 'blame': 1, 'lisa': 1}"
4,1685554800,Sun May 03 00:55:32 PDT 2009,NO_QUERY,chastinevegas,drive ins funjust saying,"{'drive': 1, 'ins': 1, 'funjust': 1, 'saying': 1}"
4,1685554911,Sun May 03 00:55:34 PDT 2009,NO_QUERY,bearyhwang,like twitter page background,"{'like': 1, 'twitter': 1, 'page': 1, 'background': 1}"
